Sprint 3: Workout Session + AI Avatar Foundation,,,,,,,,
"Sprint Goal: A user can complete a guided workout session with timers and pause/resume, while interacting with the AI Avatar via voice and text.",,,,,,,,
,,,,,,,,
Story ID,Epic,Feature,Story Title,User Story,Dependencies,Priority,Complexity,Sprint Goal
US-07.1.1,Workout Session,Exercise Instructions Display,See instructions for each exercise,"As a user, I want to see clear instructions for each exercise so that I know how to perform it correctly.",Depends on Workout Recommendation Engine (EPIC-05) exercise library data.,High,Medium,Workout Session + AI Avatar Foundation
US-07.2.1,Workout Session,Workout Timer,Use timers during my workout,"As a user, I want timers for exercises and rest periods so that I can keep proper pace without manually tracking time.",Depends on Exercise Instructions Display (US-07.1.1) for session screen structure.,High,Medium,Workout Session + AI Avatar Foundation
US-07.3.1,Workout Session,Workout Progress Indicator,See my progress through the workout,"As a user, I want to see how far along I am in my workout so that I know what's left and can pace myself.",Depends on Exercise Instructions Display (US-07.1.1).,Medium,Small,Workout Session + AI Avatar Foundation
US-07.4.1,Workout Session,Pause / Resume,Pause and resume my workout,"As a user, I want to pause my workout and resume later so that I can handle interruptions without losing my progress.",Depends on Workout Timer (US-07.2.1).,High,Medium,Workout Session + AI Avatar Foundation
US-07.5.1,Workout Session,Completion Tracking,Have my completed workout recorded,"As a user, I want my completed (or partially completed) workout to be saved so that it counts toward my history, streaks, and XP.",Depends on Pause/Resume (US-07.4.1) and feeds Gamification (EPIC-09) and Progress Tracking (EPIC-10).,High,Medium,Workout Session + AI Avatar Foundation
US-06.4.1,AI Avatar,Adjustable Talkativeness,Adjust how talkative my AI Avatar is,"As a user, I want to control how often my AI Avatar proactively talks to me so that the experience matches my personal preference for support versus independence.",None (foundational setting consumed by US-06.2.1 and other proactive messaging features).,High,Small,Workout Session + AI Avatar Foundation
US-06.1.1,AI Avatar,Voice-Based Coaching,Hear voice coaching during my workout,"As a user, I want my AI Avatar to speak coaching cues out loud so that I can stay engaged with the workout without constantly looking at my screen.",Depends on Workout Session (EPIC-07) emitting session state events for the AI Avatar to react to.,High,Medium,Workout Session + AI Avatar Foundation
US-06.3.1,AI Avatar,Interactive Conversation,Have a conversation with my AI Avatar,"As a user, I want to chat with my AI Avatar via text or voice at any time so that I can ask questions or just talk through how I'm feeling about my fitness journey.",Depends on Voice-Based Coaching (US-06.1.1) for shared voice infrastructure; depends on Workout Recommendation Engine (EPIC-05) data for grounded explanations.,High,Large,Workout Session + AI Avatar Foundation